01/10/2015;1
02/10/2015;2
03/10/2015;3
04/10/2015;4
05/10/2015;5
06/10/2015;6
07/10/2015;7
08/10/2015;8
09/10/2015;9
10/10/2015;10
11/10/2015;11
12/10/2015;12
13/10/2015;13
14/10/2015;14
15/10/2015;15
16/10/2015;16
17/10/2015;17
18/10/2015;18
19/10/2015;19
20/10/2015;20
21/10/2015;21
22/10/2015;22
23/10/2015;23
24/10/2015;24
25/10/2015;25
26/10/2015;26
27/10/2015;27
28/10/2015;28
29/10/2015;29
30/10/2015;30
31/10/2015;31
01/11/2015;32
02/11/2015;33
03/11/2015;34
04/11/2015;35
05/11/2015;36
06/11/2015;37
07/11/2015;38
08/11/2015;39
09/11/2015;40
10/11/2015;41
11/11/2015;42
12/11/2015;43
13/11/2015;44
14/11/2015;45
15/11/2015;46
16/11/2015;47
17/11/2015;48
18/11/2015;49
19/11/2015;50
20/11/2015;51
21/11/2015;52
22/11/2015;53
23/11/2015;54
24/11/2015;55
25/11/2015;56
26/11/2015;57
27/11/2015;58
28/11/2015;59
29/11/2015;60
30/11/2015;61
01/12/2015;62
02/12/2015;63
03/12/2015;64
04/12/2015;65
05/12/2015;66
06/12/2015;67
07/12/2015;68
08/12/2015;69
09/12/2015;70
10/12/2015;71
11/12/2015;72
12/12/2015;73
13/12/2015;74
14/12/2015;75
15/12/2015;76
16/12/2015;77
17/12/2015;78
18/12/2015;79
19/12/2015;80
20/12/2015;81
21/12/2015;82
22/12/2015;83
23/12/2015;84
24/12/2015;85
25/12/2015;86
26/12/2015;87
27/12/2015;88
28/12/2015;89
29/12/2015;90
30/12/2015;91
31/12/2015;92
01/01/2016;93
02/01/2016;94
03/01/2016;95
04/01/2016;96
05/01/2016;97
06/01/2016;98
07/01/2016;99
08/01/2016;100
09/01/2016;101
10/01/2016;102
11/01/2016;103
12/01/2016;104
13/01/2016;105
14/01/2016;106
15/01/2016;107
16/01/2016;108
17/01/2016;109
18/01/2016;110
19/01/2016;111
20/01/2016;112
21/01/2016;113
22/01/2016;114
23/01/2016;115
24/01/2016;116
25/01/2016;117
26/01/2016;118
27/01/2016;119
28/01/2016;120
29/01/2016;121
30/01/2016;122
31/01/2016;123
01/02/2016;124
02/02/2016;125
03/02/2016;126
04/02/2016;127
05/02/2016;128
06/02/2016;129
07/02/2016;130
08/02/2016;131
09/02/2016;132
10/02/2016;133
11/02/2016;134
12/02/2016;135
13/02/2016;136
14/02/2016;137
15/02/2016;138
16/02/2016;139
17/02/2016;140
18/02/2016;141
19/02/2016;142
20/02/2016;143
21/02/2016;144
22/02/2016;145
23/02/2016;146
24/02/2016;147
25/02/2016;148
26/02/2016;149
27/02/2016;150
28/02/2016;151
29/02/2016;152
01/03/2016;153
02/03/2016;154
03/03/2016;155
04/03/2016;156
05/03/2016;157
06/03/2016;158
07/03/2016;159
08/03/2016;160
09/03/2016;161
10/03/2016;162
11/03/2016;163
12/03/2016;164
13/03/2016;165
14/03/2016;166
15/03/2016;167
16/03/2016;168
17/03/2016;169
18/03/2016;170
19/03/2016;171
20/03/2016;172
21/03/2016;173
22/03/2016;174
23/03/2016;175
24/03/2016;176
25/03/2016;177
26/03/2016;178
27/03/2016;179
28/03/2016;180
29/03/2016;181
30/03/2016;182
31/03/2016;183
01/04/2016;184
02/04/2016;185
03/04/2016;186
04/04/2016;187
05/04/2016;188
06/04/2016;189
07/04/2016;190
08/04/2016;191
09/04/2016;192
10/04/2016;193
11/04/2016;194
12/04/2016;195
13/04/2016;196
14/04/2016;197
15/04/2016;198
16/04/2016;199
17/04/2016;200
18/04/2016;201
19/04/2016;202
20/04/2016;203
21/04/2016;204
22/04/2016;205
23/04/2016;206
24/04/2016;207
25/04/2016;208
26/04/2016;209
27/04/2016;210
28/04/2016;211
29/04/2016;212
30/04/2016;213
01/05/2016;214
02/05/2016;215
03/05/2016;216
04/05/2016;217
05/05/2016;218
06/05/2016;219
07/05/2016;220
08/05/2016;221
09/05/2016;222
10/05/2016;223
11/05/2016;224
12/05/2016;225
13/05/2016;226
14/05/2016;227
15/05/2016;228
16/05/2016;229
17/05/2016;230
18/05/2016;231
19/05/2016;232
20/05/2016;233
21/05/2016;234
22/05/2016;235
23/05/2016;236
24/05/2016;237
25/05/2016;238
26/05/2016;239
27/05/2016;240
28/05/2016;241
29/05/2016;242
30/05/2016;243
31/05/2016;244
01/06/2016;245
02/06/2016;246
03/06/2016;247
04/06/2016;248
05/06/2016;249
06/06/2016;250
07/06/2016;251
08/06/2016;252
09/06/2016;253
10/06/2016;254
11/06/2016;255
12/06/2016;256
13/06/2016;257
14/06/2016;258
15/06/2016;259
16/06/2016;260
17/06/2016;261
18/06/2016;262
19/06/2016;263
20/06/2016;264
21/06/2016;265
22/06/2016;266
23/06/2016;267
24/06/2016;268
25/06/2016;269
26/06/2016;270
27/06/2016;271
28/06/2016;272
29/06/2016;273
30/06/2016;274
01/07/2016;275
02/07/2016;276
03/07/2016;277
04/07/2016;278
05/07/2016;279
06/07/2016;280
07/07/2016;281
08/07/2016;282
09/07/2016;283
10/07/2016;284
11/07/2016;285
12/07/2016;286
13/07/2016;287
14/07/2016;288
15/07/2016;289
16/07/2016;290
17/07/2016;291
18/07/2016;292
19/07/2016;293
20/07/2016;294
21/07/2016;295
22/07/2016;296
23/07/2016;297
24/07/2016;298
25/07/2016;299
26/07/2016;300
27/07/2016;301
28/07/2016;302
29/07/2016;303
30/07/2016;304
31/07/2016;305
01/08/2016;306
02/08/2016;307
03/08/2016;308
04/08/2016;309
05/08/2016;310
06/08/2016;311
07/08/2016;312
08/08/2016;313
09/08/2016;314
10/08/2016;315
11/08/2016;316
12/08/2016;317
13/08/2016;318
14/08/2016;319
15/08/2016;320
16/08/2016;321
17/08/2016;322
18/08/2016;323
19/08/2016;324
20/08/2016;325
21/08/2016;326
22/08/2016;327
23/08/2016;328
24/08/2016;329
25/08/2016;330
26/08/2016;331
27/08/2016;332
28/08/2016;333
29/08/2016;334
30/08/2016;335
31/08/2016;336
01/09/2016;337
02/09/2016;338
03/09/2016;339
04/09/2016;340
05/09/2016;341
06/09/2016;342
07/09/2016;343
08/09/2016;344
09/09/2016;345
10/09/2016;346
11/09/2016;347
12/09/2016;348
13/09/2016;349
14/09/2016;350
15/09/2016;351
16/09/2016;352
17/09/2016;353
18/09/2016;354
19/09/2016;355
20/09/2016;356
21/09/2016;357
22/09/2016;358
23/09/2016;359
24/09/2016;360
25/09/2016;361
26/09/2016;362
27/09/2016;363
28/09/2016;364
29/09/2016;365
30/09/2016;366
